<?xml version="1.0" encoding="UTF-8"?>
<OASISReport xmlns="http://www.caiso.com/soa/OASISReport_v1.xsd">
<MessageHeader>
<TimeDate>2015-04-10T18:30:09-00:00</TimeDate>
<Source>OASIS</Source>
<Version>v20131201</Version>
</MessageHeader>
<MessagePayload>
<RTO>
<name>CAISO</name>
<REPORT_ITEM>
<REPORT_HEADER>
<SYSTEM>OASIS</SYSTEM>
<TZ>PPT</TZ>
<REPORT>PRC_LMP</REPORT>
<MKT_TYPE>DAM</MKT_TYPE>
<UOM>US$/MWh</UOM>
<INTERVAL>ENDING</INTERVAL>
<SEC_PER_INTERVAL>3600</SEC_PER_INTERVAL>
</REPORT_HEADER>
<REPORT_DATA>
<DATA_ITEM>LMP_PRC</DATA_ITEM>
<RESOURCE_NAME>WSCRMNO_1_N201</RESOURCE_NAME>
<OPR_DATE>2015-04-10</OPR_DATE>
<INTERVAL_NUM>12</INTERVAL_NUM>
<INTERVAL_START_GMT>2015-04-10T18:00:00-00:00</INTERVAL_START_GMT>
<INTERVAL_END_GMT>2015-04-10T19:00:00-00:00</INTERVAL_END_GMT>
<VALUE>36.56</VALUE>
</REPORT_DATA>
<REPORT_DATA>
<DATA_ITEM>LMP_PRC</DATA_ITEM>
<RESOURCE_NAME>WSCRMNO_1_N201</RESOURCE_NAME>
<OPR_DATE>2015-04-10</OPR_DATE>
<INTERVAL_NUM>16</INTERVAL_NUM>
<INTERVAL_START_GMT>2015-04-10T22:00:00-00:00</INTERVAL_START_GMT>
<INTERVAL_END_GMT>2015-04-10T23:00:00-00:00</INTERVAL_END_GMT>
<VALUE>40.02</VALUE>
</REPORT_DATA>
<REPORT_DATA>
<DATA_ITEM>LMP_PRC</DATA_ITEM>
<RESOURCE_NAME>WSCRMNO_1_N201</RESOURCE_NAME>
<OPR_DATE>2015-04-10</OPR_DATE>
<INTERVAL_NUM>15</INTERVAL_NUM>
<INTERVAL_START_GMT>2015-04-10T21:00:00-00:00</INTERVAL_START_GMT>
<INTERVAL_END_GMT>2015-04-10T22:00:00-00:00</INTERVAL_END_GMT>
<VALUE>27.80471</VALUE>
</REPORT_DATA>
<REPORT_DATA>
<DATA_ITEM>LMP_PRC</DATA_ITEM>
<RESOURCE_NAME>WSCRMNO_1_N201</RESOURCE_NAME>
<OPR_DATE>2015-04-10</OPR_DATE>
<INTERVAL_NUM>13</INTERVAL_NUM>
<INTERVAL_START_GMT>2015-04-10T19:00:00-00:00</INTERVAL_START_GMT>
<INTERVAL_END_GMT>2015-04-10T20:00:00-00:00</INTERVAL_END_GMT>
<VALUE>30.88102</VALUE>
</REPORT_DATA>
<REPORT_DATA>
<DATA_ITEM>LMP_PRC</DATA_ITEM>
<RESOURCE_NAME>WSCRMNO_1_N201</RESOURCE_NAME>
<OPR_DATE>2015-04-10</OPR_DATE>
<INTERVAL_NUM>14</INTERVAL_NUM>
<INTERVAL_START_GMT>2015-04-10T20:00:00-00:00</INTERVAL_START_GMT>
<INTERVAL_END_GMT>2015-04-10T21:00:00-00:00</INTERVAL_END_GMT>
<VALUE>28.93525</VALUE>
</REPORT_DATA>
<REPORT_DATA>
<DATA_ITEM>LMP_PRC</DATA_ITEM>
<RESOURCE_NAME>WSCRMNO_1_N201</RESOURCE_NAME>
<OPR_DATE>2015-04-10</OPR_DATE>
<INTERVAL_NUM>17</INTERVAL_NUM>
<INTERVAL_START_GMT>2015-04-10T23:00:00-00:00</INTERVAL_START_GMT>
<INTERVAL_END_GMT>2015-04-11T00:00:00-00:00</INTERVAL_END_GMT>
<VALUE>38.53</VALUE>
</REPORT_DATA>
</REPORT_ITEM>
<REPORT_ITEM>
<REPORT_HEADER>
<SYSTEM>OASIS</SYSTEM>
<TZ>PPT</TZ>
<REPORT>PRC_LMP</REPORT>
<MKT_TYPE>DAM</MKT_TYPE>
<UOM>US$/MWh</UOM>
<INTERVAL>ENDING</INTERVAL>
<SEC_PER_INTERVAL>3600</SEC_PER_INTERVAL>
</REPORT_HEADER>
<REPORT_DATA>
<DATA_ITEM>LMP_CONG_PRC</DATA_ITEM>
<RESOURCE_NAME>WSCRMNO_1_N201</RESOURCE_NAME>
<OPR_DATE>2015-04-10</OPR_DATE>
<INTERVAL_NUM>13</INTERVAL_NUM>
<INTERVAL_START_GMT>2015-04-10T19:00:00-00:00</INTERVAL_START_GMT>
<INTERVAL_END_GMT>2015-04-10T20:00:00-00:00</INTERVAL_END_GMT>
<VALUE>4.69481</VALUE>
</REPORT_DATA>
<REPORT_DATA>
<DATA_ITEM>LMP_CONG_PRC</DATA_ITEM>
<RESOURCE_NAME>WSCRMNO_1_N201</RESOURCE_NAME>
<OPR_DATE>2015-04-10</OPR_DATE>
<INTERVAL_NUM>14</INTERVAL_NUM>
<INTERVAL_START_GMT>2015-04-10T20:00:00-00:00</INTERVAL_START_GMT>
<INTERVAL_END_GMT>2015-04-10T21:00:00-00:00</INTERVAL_END_GMT>
<VALUE>3.1361</VALUE>
</REPORT_DATA>
<REPORT_DATA>
<DATA_ITEM>LMP_CONG_PRC</DATA_ITEM>
<RESOURCE_NAME>WSCRMNO_1_N201</RESOURCE_NAME>
<OPR_DATE>2015-04-10</OPR_DATE>
<INTERVAL_NUM>12</INTERVAL_NUM>
<INTERVAL_START_GMT>2015-04-10T18:00:00-00:00</INTERVAL_START_GMT>
<INTERVAL_END_GMT>2015-04-10T19:00:00-00:00</INTERVAL_END_GMT>
<VALUE>8.71861</VALUE>
</REPORT_DATA>
<REPORT_DATA>
<DATA_ITEM>LMP_CONG_PRC</DATA_ITEM>
<RESOURCE_NAME>WSCRMNO_1_N201</RESOURCE_NAME>
<OPR_DATE>2015-04-10</OPR_DATE>
<INTERVAL_NUM>16</INTERVAL_NUM>
<INTERVAL_START_GMT>2015-04-10T22:00:00-00:00</INTERVAL_START_GMT>
<INTERVAL_END_GMT>2015-04-10T23:00:00-00:00</INTERVAL_END_GMT>
<VALUE>16.73207</VALUE>
</REPORT_DATA>
<REPORT_DATA>
<DATA_ITEM>LMP_CONG_PRC</DATA_ITEM>
<RESOURCE_NAME>WSCRMNO_1_N201</RESOURCE_NAME>
<OPR_DATE>2015-04-10</OPR_DATE>
<INTERVAL_NUM>17</INTERVAL_NUM>
<INTERVAL_START_GMT>2015-04-10T23:00:00-00:00</INTERVAL_START_GMT>
<INTERVAL_END_GMT>2015-04-11T00:00:00-00:00</INTERVAL_END_GMT>
<VALUE>11.82635</VALUE>
</REPORT_DATA>
<REPORT_DATA>
<DATA_ITEM>LMP_CONG_PRC</DATA_ITEM>
<RESOURCE_NAME>WSCRMNO_1_N201</RESOURCE_NAME>
<OPR_DATE>2015-04-10</OPR_DATE>
<INTERVAL_NUM>15</INTERVAL_NUM>
<INTERVAL_START_GMT>2015-04-10T21:00:00-00:00</INTERVAL_START_GMT>
<INTERVAL_END_GMT>2015-04-10T22:00:00-00:00</INTERVAL_END_GMT>
<VALUE>3.25823</VALUE>
</REPORT_DATA>
</REPORT_ITEM>
<REPORT_ITEM>
<REPORT_HEADER>
<SYSTEM>OASIS</SYSTEM>
<TZ>PPT</TZ>
<REPORT>PRC_LMP</REPORT>
<MKT_TYPE>DAM</MKT_TYPE>
<UOM>US$/MWh</UOM>
<INTERVAL>ENDING</INTERVAL>
<SEC_PER_INTERVAL>3600</SEC_PER_INTERVAL>
</REPORT_HEADER>
<REPORT_DATA>
<DATA_ITEM>LMP_ENE_PRC</DATA_ITEM>
<RESOURCE_NAME>WSCRMNO_1_N201</RESOURCE_NAME>
<OPR_DATE>2015-04-10</OPR_DATE>
<INTERVAL_NUM>14</INTERVAL_NUM>
<INTERVAL_START_GMT>2015-04-10T20:00:00-00:00</INTERVAL_START_GMT>
<INTERVAL_END_GMT>2015-04-10T21:00:00-00:00</INTERVAL_END_GMT>
<VALUE>25.31563</VALUE>
</REPORT_DATA>
<REPORT_DATA>
<DATA_ITEM>LMP_ENE_PRC</DATA_ITEM>
<RESOURCE_NAME>WSCRMNO_1_N201</RESOURCE_NAME>
<OPR_DATE>2015-04-10</OPR_DATE>
<INTERVAL_NUM>16</INTERVAL_NUM>
<INTERVAL_START_GMT>2015-04-10T22:00:00-00:00</INTERVAL_START_GMT>
<INTERVAL_END_GMT>2015-04-10T23:00:00-00:00</INTERVAL_END_GMT>
<VALUE>22.86717</VALUE>
</REPORT_DATA>
<REPORT_DATA>
<DATA_ITEM>LMP_ENE_PRC</DATA_ITEM>
<RESOURCE_NAME>WSCRMNO_1_N201</RESOURCE_NAME>
<OPR_DATE>2015-04-10</OPR_DATE>
<INTERVAL_NUM>13</INTERVAL_NUM>
<INTERVAL_START_GMT>2015-04-10T19:00:00-00:00</INTERVAL_START_GMT>
<INTERVAL_END_GMT>2015-04-10T20:00:00-00:00</INTERVAL_END_GMT>
<VALUE>25.71309</VALUE>
</REPORT_DATA>
<REPORT_DATA>
<DATA_ITEM>LMP_ENE_PRC</DATA_ITEM>
<RESOURCE_NAME>WSCRMNO_1_N201</RESOURCE_NAME>
<OPR_DATE>2015-04-10</OPR_DATE>
<INTERVAL_NUM>15</INTERVAL_NUM>
<INTERVAL_START_GMT>2015-04-10T21:00:00-00:00</INTERVAL_START_GMT>
<INTERVAL_END_GMT>2015-04-10T22:00:00-00:00</INTERVAL_END_GMT>
<VALUE>24.10535</VALUE>
</REPORT_DATA>
<REPORT_DATA>
<DATA_ITEM>LMP_ENE_PRC</DATA_ITEM>
<RESOURCE_NAME>WSCRMNO_1_N201</RESOURCE_NAME>
<OPR_DATE>2015-04-10</OPR_DATE>
<INTERVAL_NUM>17</INTERVAL_NUM>
<INTERVAL_START_GMT>2015-04-10T23:00:00-00:00</INTERVAL_START_GMT>
<INTERVAL_END_GMT>2015-04-11T00:00:00-00:00</INTERVAL_END_GMT>
<VALUE>26.18775</VALUE>
</REPORT_DATA>
<REPORT_DATA>
<DATA_ITEM>LMP_ENE_PRC</DATA_ITEM>
<RESOURCE_NAME>WSCRMNO_1_N201</RESOURCE_NAME>
<OPR_DATE>2015-04-10</OPR_DATE>
<INTERVAL_NUM>12</INTERVAL_NUM>
<INTERVAL_START_GMT>2015-04-10T18:00:00-00:00</INTERVAL_START_GMT>
<INTERVAL_END_GMT>2015-04-10T19:00:00-00:00</INTERVAL_END_GMT>
<VALUE>27.33568</VALUE>
</REPORT_DATA>
</REPORT_ITEM>
<REPORT_ITEM>
<REPORT_HEADER>
<SYSTEM>OASIS</SYSTEM>
<TZ>PPT</TZ>
<REPORT>PRC_LMP</REPORT>
<MKT_TYPE>DAM</MKT_TYPE>
<UOM>US$/MWh</UOM>
<INTERVAL>ENDING</INTERVAL>
<SEC_PER_INTERVAL>3600</SEC_PER_INTERVAL>
</REPORT_HEADER>
<REPORT_DATA>
<DATA_ITEM>LMP_LOSS_PRC</DATA_ITEM>
<RESOURCE_NAME>WSCRMNO_1_N201</RESOURCE_NAME>
<OPR_DATE>2015-04-10</OPR_DATE>
<INTERVAL_NUM>17</INTERVAL_NUM>
<INTERVAL_START_GMT>2015-04-10T23:00:00-00:00</INTERVAL_START_GMT>
<INTERVAL_END_GMT>2015-04-11T00:00:00-00:00</INTERVAL_END_GMT>
<VALUE>0.5159</VALUE>
</REPORT_DATA>
<REPORT_DATA>
<DATA_ITEM>LMP_LOSS_PRC</DATA_ITEM>
<RESOURCE_NAME>WSCRMNO_1_N201</RESOURCE_NAME>
<OPR_DATE>2015-04-10</OPR_DATE>
<INTERVAL_NUM>14</INTERVAL_NUM>
<INTERVAL_START_GMT>2015-04-10T20:00:00-00:00</INTERVAL_START_GMT>
<INTERVAL_END_GMT>2015-04-10T21:00:00-00:00</INTERVAL_END_GMT>
<VALUE>0.48353</VALUE>
</REPORT_DATA>
<REPORT_DATA>
<DATA_ITEM>LMP_LOSS_PRC</DATA_ITEM>
<RESOURCE_NAME>WSCRMNO_1_N201</RESOURCE_NAME>
<OPR_DATE>2015-04-10</OPR_DATE>
<INTERVAL_NUM>15</INTERVAL_NUM>
<INTERVAL_START_GMT>2015-04-10T21:00:00-00:00</INTERVAL_START_GMT>
<INTERVAL_END_GMT>2015-04-10T22:00:00-00:00</INTERVAL_END_GMT>
<VALUE>0.44113</VALUE>
</REPORT_DATA>
<REPORT_DATA>
<DATA_ITEM>LMP_LOSS_PRC</DATA_ITEM>
<RESOURCE_NAME>WSCRMNO_1_N201</RESOURCE_NAME>
<OPR_DATE>2015-04-10</OPR_DATE>
<INTERVAL_NUM>16</INTERVAL_NUM>
<INTERVAL_START_GMT>2015-04-10T22:00:00-00:00</INTERVAL_START_GMT>
<INTERVAL_END_GMT>2015-04-10T23:00:00-00:00</INTERVAL_END_GMT>
<VALUE>0.42076</VALUE>
</REPORT_DATA>
<REPORT_DATA>
<DATA_ITEM>LMP_LOSS_PRC</DATA_ITEM>
<RESOURCE_NAME>WSCRMNO_1_N201</RESOURCE_NAME>
<OPR_DATE>2015-04-10</OPR_DATE>
<INTERVAL_NUM>13</INTERVAL_NUM>
<INTERVAL_START_GMT>2015-04-10T19:00:00-00:00</INTERVAL_START_GMT>
<INTERVAL_END_GMT>2015-04-10T20:00:00-00:00</INTERVAL_END_GMT>
<VALUE>0.47312</VALUE>
</REPORT_DATA>
<REPORT_DATA>
<DATA_ITEM>LMP_LOSS_PRC</DATA_ITEM>
<RESOURCE_NAME>WSCRMNO_1_N201</RESOURCE_NAME>
<OPR_DATE>2015-04-10</OPR_DATE>
<INTERVAL_NUM>12</INTERVAL_NUM>
<INTERVAL_START_GMT>2015-04-10T18:00:00-00:00</INTERVAL_START_GMT>
<INTERVAL_END_GMT>2015-04-10T19:00:00-00:00</INTERVAL_END_GMT>
<VALUE>0.50571</VALUE>
</REPORT_DATA>
</REPORT_ITEM>
<DISCLAIMER_ITEM>
<DISCLAIMER>The contents of these pages are subject to change without notice.  Decisions based on information contained within the California ISO's web site are the visitor's sole responsibility.</DISCLAIMER>
</DISCLAIMER_ITEM>
</RTO>
</MessagePayload>
</OASISReport>
